\"re","a@gmail.com","2023-11-08","Male","Thailand","ktm","$2a$10$9jOZxnw1X2gkStoX1ILYlO1MK7ifv08oWjpEJpZueVzig5kVurpQS"
"arbin","arbin@gmail.com","2014-11-06","Male","Malaysia","address","$2a$10$uy7hyIPvAfYxvZr61JAB2uQdtbGtlSG7Pnz3LP6LhHPOpZo9wq8tu"
"devil","devil@gmail.com ","2013-04-18","Male","Malaysia","address","$2a$10$sZ.wZQA1RKkdxkv76aTQUOp/n14DzqHcYje/K1gratqu/VMHadhBm"
"ten","ten@gmail.com","2012-11-13","Male","Malaysia","address","$2a$10$HQOu8oG4E5VqxX2BSQ2APupIcgblXawl4NfXr3maLKBgbuCZdCcee"
"anil","anil@gmail.com","2003-11-07","Male","Malaysia","address","$2a$10$PRsPcByxz5E6LO6dyhmhwuYA/pnQ2dAIL7ii3w5lOb5nKT3worDqG"
"arbin","arbin@gmail.com","2014-11-03","Male","Malaysia","address","$2a$10$PMX31Vj/dtulGi8s3lHxa.JmJbG760hIhVcfgs6Vy4RGw.tEitiVC"
"arbin","arbin@gmail.com","2011-07-14","Male","Malaysia","address","$2a$10$MD8SXb5mTh1olTYqY9kWc.SW9jL7id69hxIKLSelCYQMyjonqQdAm"
"arbin","arbin@gmail.com","2012-11-14","Male","Malaysia","address","$2a$10$cfHbS2axH3HzldCkR.nzoO2jb3SRA5xSdroAnnji7zRqF1ZmtXRCC"
"arbin","arbin@gmail.com","2012-11-08","Male","Malaysia","address","$2a$10$pQIqlwQSZSWVp3/omnJHHOHds8go/PyS7mkDLN8T0VZ.6loTPcjFy"
"arbin","arbin@gmail.com","2014-11-10","Male","Malaysia","address","$2a$10$4hQNP9GN2z4BmHwS2NMECONjBV0Vg1RKCPYhkOzmpwC0Pt69JGYJa"
"arbin","arbin@gmail.com","2023-11-06","Male","Malaysia","dd","$2a$10$yPOUIby4TARhjqSrgs4K5uVD5u4xLexxitNFPBHnMoMJq5qHfEs96"
"arbin","arbin@gmail.com","2014-11-05","Male","Malaysia","address","$2a$10$zd78QhSnWJ4ymQM1NFcPE.d3RDNAVGDZ2ewtxnbQg8e5.GzxcDAmC"
"Aayush Shakya","aayushshakya1000@gmail.com","2004-11-04","Male","Malaysia","Balkumari","$2a$10$etsQnlfx/c3ETeDPGk39UOeLR8tcYPiatoTKNmESA6/xFon9FwajW"
"Shakya","shakya2000@gmail.com","2009-11-18","Male","Malaysia","jsdsjds","$2a$10$9T7nQ6SqDmKqXArUPHvgv.yaKNftsTiVkReHD/Zpds07BMGF1WksG"
"shakya","shakya123","2009-11-12","Male","Malaysia","bali","$2a$10$i30eo70xQYlsqP/QjlrCLO80iNmOUP8he2BuhGZjrghbW0gg0Yjqe"
"shakya","shakya1","2023-11-08","Male","Malaysia","123","$2a$10$ZjGy5urGQeB1RNbutelu5.nXSim/Obmy85Bl3mMWvy5ldDwo0RIam"
"user","user","2023-11-15","Male","Malaysia","user","$2a$10$S25AR1XGsp.e5cs.egctKepS/pSWXL0JC3X5lxLJupHfVc9TQgfnC"
"user","user","2023-11-15","Female","Thailand","user","$2a$10$nT8hVLGyv0C.lk9GFXrTXuPY68baqM0Cz0O96MPb4HNToeqboDZcy"
"user","user","2023-11-09","Male","Malaysia","user","$2a$10$oIAFHqPB4s1lYMq0.nJgWeMR3s.gBR.ViP/uIJvatvpkGWTVSyWki"
"user","user","2023-11-02","Male","Malaysia","user","$2a$10$kMUa3vMJN1VkKsVvlddIVe82ebNqArcS2M8WeklmQMKPCU3RZ29Nq"
"user","user","2023-11-08","Male","Singapore","user","$2a$10$vGu2UIzkJI8/3iSy7i/hcezyFuptY6x7tSjOyEKiWxMS/4kraFtMO"
"user","user","2023-11-09","Female","Malaysia","user","$2a$10$h2.FkeiGEGQ3FjD68dRqhOQfKSfkyJFPE1HrWcHDvKV10mjc6Xama"
"user","user","2023-11-02","Female","Malaysia","user","$2a$10$Bw12vM65xHCu7fe1gfI7u.nef70SaIZo.e9VI03LxBcPX6QX0f0Uy"
"user","user","2023-11-02","Female","Malaysia","user","$2a$10$2tlbFhXzFwvdlaofeFAuzOtuyPw7zOoSB6xmfQnbpZ6IGynzcPWJy"
"user","user","2023-11-08","Male","Malaysia","user","$2a$10$VP3n9a0V.kbr2gt/zvWY1Onktv8WVLZzXvXu6DLkHzOFRn2whqfO2"
"user","user","2023-11-02","Male","Thailand","user","$2a$10$WS8Oya7PiKVLclQUmr0TVeJFEGpczPqsyHnhRyslfJLRCek0s4YbC"
"user","user","2023-11-09","Male","Malaysia","user","$2a$10$OD4m8/zxHRbpyHeJKIZAJuhaVKPfIRxl9MvCzygdL8ajHN46vddG6"
"yujen","asda","2023-10-31","Other","Thailand","aaa","$2a$10$LEBRoji0xrb587lcTQPnReSJ6q42t1s4Z3Ym4syv82uP12OSDWMUu"
"yujen","aaaa","2023-11-08","Male","Thailand","adress","$2a$10$MPfGhX/BCbJZHrqrgA6OQOjVHL7lV3TA0lQsejg8lgFWSbO8n9Fcm"
"oiltom","aaa","2023-11-14","Male","Thailand","asdas","$2a$10$OAj6Q/Y/cVyeelmLnweA/edEhSOLHFdlyxYpTtzvhLWbOGYJhJx/6"
"yujen","yy","2023-10-31","Male","Malaysia","j","$2a$10$NV7PYdGmToEVWs8VmOK4L.lIG6MehVGF8t9ihksylqMRRwVsUz7JS"
"yujen","yy","2023-11-08","Female","Thailand","j","$2a$10$4GOAyVFHtln14IlRr.GVreA0dJYX4mGqmionOd3heUCw9zclbbbW6"
"yujen","yy","2023-11-21","Female","Thailand","jj","$2a$10$uqc4/B3ZrJHyIZAHHBWlQuub8XMpAkmR6E/5zLAlZb7JVx256aOFu"
"yujen","yy","2023-11-08","Male","Malaysia","yy","$2a$10$FP33RTR5p6oNKDUyPPi9lumJU.z8yL0OkXqIC8oH0D46m3fboZGz6"
"user","user","2023-11-02","Female","Malaysia","user","$2a$10$4cm5iZGRNQ6vpHAQ/zebnOqMxAeScSPK.G0YT/r6CJMC2Xwo6DhGW"
"user","user","2023-11-01","Male","Malaysia","user","$2a$10$DXr8w8yIeZIMvxAKlvCGb.NBUeKKd.5YBlf4d38tOZXZv3mBlUUHC"
"user","user","2023-11-01","Female","Malaysia","user","$2a$10$rE7AUE0DSELLUGBaQ4udmOrVV.AIbGUIPrLWbjTU9yhjeYFIm6V4O"
"user","user","2023-11-01","Male","Malaysia","user","$2a$10$bVIctpJFJ.YaG2rt/PKtbuIk/52c23509WFkRS5svv04zgcoCUfm6"
"user","user","2023-11-01","Male","Malaysia","user","$2a$10$pZb4qiSrwYzzOtxAIHtD3uTrwJjSeGM8.VBXNp6MIF1HjBDTIIIdm"
"user","user","2023-11-09","Male","Thailand","user","$2a$10$MskgIl/kEaBI97uEU2Lt7ei2Cy7mDk6CWN0s1czk37cgUa0DGWSE6"
"user","user","2023-11-08","Male","Malaysia","user","$2a$10$Ioy/t6cTufX5gm2VHYvU2umG00od6HnmXmx7Uq0rFAlAYu8dagloC"
